<pagescount>
	<total_html_pages>35</total_html_pages>
	<html>29</html>
	<img>72</img>
	<js>7</js>
	<css>2</css>
	<pdf>0</pdf>
	<xml>0</xml>
	<txt>0</txt>
	<fonts>5</fonts>
	<is_pretty_url>false</is_pretty_url>
	<is_ebn>false</is_ebn>
	<theme_name>WDO_theme</theme_name>
	<server_url_front_page>https://www.waybackmachinedownloader.com/website-downloader-online/scraping/files/live/hit.ac.zw_nchikobvor_gmail.com_pqmr7orm2j5</server_url_front_page>
	<hosted_domain>hosted_domain</hosted_domain>
</pagescount>